-- phpMyAdmin SQL Dump
-- version 4.1.14
-- http://www.phpmyadmin.net
--
-- Host: 127.0.0.1
-- Generation Time: 2015-11-25 07:51:33
-- 服务器版本： 5.6.17
-- PHP Version: 5.5.12

SET SQL_MODE = "NO_AUTO_VALUE_ON_ZERO";
SET time_zone = "+00:00";


/*!40101 SET @OLD_CHARACTER_SET_CLIENT=@@CHARACTER_SET_CLIENT */;
/*!40101 SET @OLD_CHARACTER_SET_RESULTS=@@CHARACTER_SET_RESULTS */;
/*!40101 SET @OLD_COLLATION_CONNECTION=@@COLLATION_CONNECTION */;
/*!40101 SET NAMES utf8 */;

--
-- Database: `smartcms`
--

-- --------------------------------------------------------

--
-- 表的结构 `smart_admin`
--

CREATE TABLE IF NOT EXISTS `smart_admin` (
  `id` int(10) unsigned NOT NULL AUTO_INCREMENT COMMENT '主键id',
  `username` varchar(20) NOT NULL,
  `password` varchar(32) NOT NULL,
  `roleid` int(11) NOT NULL COMMENT '角色id',
  `logintime` datetime DEFAULT NULL,
  `logincount` int(11) NOT NULL,
  `createtime` datetime NOT NULL COMMENT '创建时间',
  PRIMARY KEY (`id`)
) ENGINE=MyISAM  DEFAULT CHARSET=utf8 COMMENT='管理员表' AUTO_INCREMENT=16 ;

--
-- 转存表中的数据 `smart_admin`
--

INSERT INTO `smart_admin` (`id`, `username`, `password`, `roleid`, `logintime`, `logincount`, `createtime`) VALUES
(0, 'admin', 'e10adc3949ba59abbe56e057f20f883e', 0, '2015-11-23 18:04:45', 8, '0000-00-00 00:00:00'),
(11, '赤木晴子', 'e10adc3949ba59abbe56e057f20f883e', 4, '2015-11-19 21:54:13', 1, '2015-11-16 13:00:39'),
(10, '樱木花道', 'e10adc3949ba59abbe56e057f20f883e', 3, '2015-11-25 12:23:51', 6, '2015-11-16 13:00:16'),
(9, '蜡笔小新5', 'e10adc3949ba59abbe56e057f20f883e', 4, NULL, 0, '2015-11-16 12:59:23'),
(13, '路飞', 'c33367701511b4f6020ec61ded352059', 1, '2015-11-25 12:29:06', 12, '2015-11-16 13:11:58'),
(14, '娜美', 'e10adc3949ba59abbe56e057f20f883e', 3, '2015-11-25 11:49:04', 2, '2015-11-16 14:51:04'),
(15, '索隆', 'c33367701511b4f6020ec61ded352059', 1, '2015-11-19 16:09:31', 2, '2015-11-16 16:32:28');

-- --------------------------------------------------------

--
-- 表的结构 `smart_column`
--

CREATE TABLE IF NOT EXISTS `smart_column` (
  `id` int(11) NOT NULL AUTO_INCREMENT COMMENT '主键id',
  `name` varchar(20) CHARACTER SET utf8 NOT NULL COMMENT '栏目名称',
  `parentid` int(11) NOT NULL DEFAULT '0' COMMENT '父栏目id',
  `class` smallint(6) NOT NULL DEFAULT '1',
  `sort` smallint(6) NOT NULL DEFAULT '0' COMMENT '分类 1代表新闻类型，2代表单页类型',
  `createtime` datetime NOT NULL COMMENT '创建时间',
  PRIMARY KEY (`id`)
) ENGINE=MyISAM  DEFAULT CHARSET=latin1 COMMENT='栏目表' AUTO_INCREMENT=26 ;

--
-- 转存表中的数据 `smart_column`
--

INSERT INTO `smart_column` (`id`, `name`, `parentid`, `class`, `sort`, `createtime`) VALUES
(1, '国内新闻', 0, 1, 10, '2015-11-17 20:50:08'),
(2, '国外新闻', 0, 1, 60, '2015-11-17 20:51:05'),
(4, '北京新闻', 1, 1, 34, '2015-11-17 20:57:51'),
(5, '上海新闻', 1, 1, 35, '2015-11-17 20:58:30'),
(6, '朝阳新闻', 4, 1, 45, '2015-11-18 12:22:14'),
(15, '叙利亚新闻', 0, 1, 45, '2015-11-18 15:18:27'),
(8, '安徽新闻', 1, 1, 56, '2015-11-18 13:55:36'),
(9, '淮北新闻', 8, 1, 23, '2015-11-18 13:55:56'),
(10, '宿州新闻', 8, 1, 24, '2015-11-18 13:56:24'),
(11, '虹口新闻', 5, 1, 45, '2015-11-18 13:56:56'),
(14, '石景山新闻', 4, 1, 5, '2015-11-18 15:14:41'),
(13, '鲁谷新闻', 14, 1, 23, '2015-11-18 13:57:42'),
(16, '关于我们', 0, 2, 89, '2015-11-18 20:35:45'),
(17, '联系方式', 0, 2, 57, '2015-11-18 20:35:59'),
(18, '八宝游乐园', 14, 1, 455, '2015-11-18 20:37:28'),
(19, 'NBA新闻', 2, 1, 123, '2015-11-18 20:39:15'),
(20, 'FIFA新闻', 2, 1, 122, '2015-11-18 20:39:31'),
(21, '萧县新闻', 10, 1, 43, '2015-11-18 20:40:09'),
(22, '砀山新闻', 10, 1, 58, '2015-11-19 20:53:13'),
(23, '赵庄新闻', 21, 1, 85, '2015-11-19 20:53:37'),
(24, '周庄新闻', 23, 1, 0, '2015-11-23 18:37:13'),
(25, '我是单页', 0, 2, 54, '2015-11-24 21:17:06');

-- --------------------------------------------------------

--
-- 表的结构 `smart_column_class`
--

CREATE TABLE IF NOT EXISTS `smart_column_class` (
  `id` int(11) NOT NULL AUTO_INCREMENT COMMENT '主键',
  `name` varchar(20) CHARACTER SET utf8 NOT NULL COMMENT '名称',
  PRIMARY KEY (`id`)
) ENGINE=MyISAM  DEFAULT CHARSET=latin1 AUTO_INCREMENT=3 ;

--
-- 转存表中的数据 `smart_column_class`
--

INSERT INTO `smart_column_class` (`id`, `name`) VALUES
(1, '新闻'),
(2, '单页');

-- --------------------------------------------------------

--
-- 表的结构 `smart_content`
--

CREATE TABLE IF NOT EXISTS `smart_content` (
  `id` int(11) NOT NULL AUTO_INCREMENT COMMENT '主键',
  `title` varchar(100) NOT NULL,
  `keywords` varchar(150) NOT NULL COMMENT '关键词',
  `content` text NOT NULL COMMENT '内容',
  `columnid` int(11) NOT NULL COMMENT '栏目id',
  `isshow` tinyint(4) NOT NULL DEFAULT '1' COMMENT '是否发布 0不发布  1发布',
  `issuedate` date NOT NULL COMMENT '发布日期',
  `issuetime` time NOT NULL COMMENT '发布时间',
  `addtime` datetime NOT NULL COMMENT '添加时间',
  PRIMARY KEY (`id`)
) ENGINE=MyISAM  DEFAULT CHARSET=utf8 COMMENT='内容表' AUTO_INCREMENT=21 ;

--
-- 转存表中的数据 `smart_content`
--

INSERT INTO `smart_content` (`id`, `title`, `keywords`, `content`, `columnid`, `isshow`, `issuedate`, `issuetime`, `addtime`) VALUES
(1, '1112223363', '11,13', '&lt;p&gt;&lt;strong&gt;&lt;span style=&quot;border: 1px solid rgb(0, 0, 0);&quot;&gt;3333333333333333333333333333333333333333333333333333333333333333333333333333333&lt;/span&gt;&lt;/strong&gt;&lt;/p&gt;&lt;p&gt;&lt;strong&gt;&lt;span style=&quot;border: 1px solid rgb(0, 0, 0);&quot;&gt;2222&lt;/span&gt;&lt;/strong&gt;&lt;br/&gt;&lt;/p&gt;', 6, 1, '0000-00-00', '00:00:00', '2015-11-23 22:06:51'),
(2, '外籍嫌犯入境“解冻二战美军资产” 刚入境就被擒', '战犯，军资', '&lt;p&gt;璧山一老板中了“解冻二战美军资产”骗局,4个月被骗84万元。幸运的是,由于他报警及时,骗子还没来得及转移资金,账户就被冻结。被冻结的账户资金高达600多万元,骗子为了“丢车保帅”,从马来西亚来华,结果刚入境就被擒。&lt;/p&gt;&lt;p&gt;谎称解冻二战退休金&lt;/p&gt;&lt;p&gt;本月中旬,璧山一个姓林的老板到璧山区公安局报案,称有人用QQ聊天的方式累计诈骗了他84万余元。&lt;/p&gt;&lt;p&gt;骗术说起来大家都觉得有些离谱——骗子谎称有笔二战美军的高额退休金目前被冻结,只要支付600元作为启动解冻程序的资金,就可以领到上百万的奖金。于是,今年7以来,信以为真的林某共向嫌疑人提供的九个银行账户汇款84万余元。&lt;/p&gt;&lt;p&gt;案情重大。璧山区公安局高度重视,刚刚组建的反信息诈骗中心立即投入实战,在璧山当地银行的协助下,对涉案的九个账户进行资金查询,并第一时间通过与银行之间建立的联动机制,对可疑账户进行止付锁控,确保受害人资金不被嫌疑人转移。&lt;/p&gt;&lt;p&gt;争取到宝贵的办案时间后,民警跟进完善法律手续,对涉案账户中670余万元可疑资金进行了冻结。民警奔赴涉案账户开户行所在地——广东省江门市展开进一步调查。&lt;/p&gt;&lt;p&gt;嫌犯丢车保帅反落网&lt;/p&gt;&lt;p&gt;警方通过分析发现,其中一个涉案账户持有人马来西亚籍男子蔡某具有重大作案嫌疑。在广东当地警方配合下,他们将刚从口岸入关的蔡某抓获。&lt;/p&gt;&lt;p&gt;蔡\r\n某交代,他负责通过这些银行账户,为他人将人民币兑换成马币并从中获利。被璧山警方冻结的一个农业银行账户,从2013年6月开户至今资金净流入多达\r\n4400余万元,净流出3800余万元。该团伙原本打算一次只骗600元,但是要求多分成的受害人成倍加码,最近的资金流入高达600多万,都还没来得及\r\n转移就被冻结。&lt;/p&gt;&lt;p&gt;&lt;br/&gt;&lt;/p&gt;', 6, 1, '0000-00-00', '00:00:00', '2015-11-23 21:16:47'),
(3, '内蒙古呼伦贝尔警方破获特大网络贩卖枪支案', '犯罪，枪支', '&lt;p&gt;新华网呼和浩特11月23日电(记者邹俭朴)记者23日从内蒙古自治区呼伦贝尔市公安局获悉,当地警方日前破获一起特大网络贩卖枪支案件,打掉一个\r\n通过互联网非法贩卖枪支弹药的犯罪团伙。截至目前,当地警方已抓获犯罪嫌疑人13人,缴获以气体为动力仿制式的长、短枪35支,铅弹、钢珠弹13000余\r\n发。&lt;/p&gt;&lt;p&gt;据呼伦贝尔市公安局治安支队支队长吕明介绍,2015年4月中旬,公安民警在对一家物流企业进行检查过程中,发现该物流公司运送的包裹内有一把手枪。经过初步调查,确定为一起以网络为联系方式、以物流为寄递渠道的网络贩枪案件。&lt;/p&gt;&lt;p&gt;经过近半年的转战,警方在天津、海南、北京、广东、内蒙古等11省(区、市)抓获犯罪嫌疑人13人,收缴枪支35支,铅弹、钢珠弹13000余发,气瓶100余个。经查明,这些枪支由境外走私入境,再通过快递邮寄方式发往购买人指定地点。&lt;/p&gt;&lt;p&gt;根据犯罪嫌疑人交代,该网络贩枪团伙利用微信朋友圈、微店、QQ空间等互联网社交工具发布枪支信息,同时面向全国各地进行推广、销售。该团伙协议规定,每销售一支枪,总代理返给一级代理2000-4000元不等,一级代理返给二级代理1000-2000元不等。&lt;/p&gt;&lt;p&gt;目前,此案已移交检察机关。&lt;/p&gt;&lt;p&gt;&lt;br/&gt;&lt;/p&gt;', 13, 1, '0000-00-00', '00:00:00', '2015-11-23 21:19:02'),
(9, '中国陆军最大船艇入列海南三沙(图)', '军事', '&lt;p&gt;&lt;img alt=&quot;Lighthouse.jpg&quot; src=&quot;http://127.0.0.1/smartcms/Uploads/editor/image/2015-11-23/1448286973817819.jpg&quot; title=&quot;1448286973817819.jpg&quot;/&gt;&lt;/p&gt;&lt;p&gt;央视新闻：【陆军最大船艇入列海南三沙】今天，我国陆军新型综合保障船在海南三沙入役，该船长90米，宽14.6米，最大排水量2700吨，是陆军目前装备的排水量最大船艇，具备大型装备成建制输送能力，将主要担负三沙方向物资补给、装备输送和海上救援等。&lt;/p&gt;', 6, 1, '0000-00-00', '00:00:00', '2015-11-23 21:56:29'),
(5, '4324234223', '32', '&lt;p&gt;2343242&lt;br/&gt;&lt;/p&gt;', 13, 1, '0000-00-00', '00:00:00', '2015-11-23 21:21:19'),
(6, '42432', '23423', '&lt;p&gt;23432&lt;br/&gt;&lt;/p&gt;', 18, 1, '0000-00-00', '00:00:00', '2015-11-23 21:22:49'),
(7, '42432', '23423', '&lt;p&gt;23432&lt;br/&gt;&lt;/p&gt;', 18, 1, '0000-00-00', '00:00:00', '2015-11-23 21:24:09'),
(8, '21232', '3243242', '&lt;p&gt;432432&lt;br/&gt;&lt;/p&gt;', 18, 1, '0000-00-00', '00:00:00', '2015-11-23 21:24:19'),
(10, '日印首脑会谈出现小插曲 印度国旗被挂反(图)', '印度', '&lt;p class=&quot;f_center&quot;&gt;&lt;img src=&quot;http://img1.cache.netease.com/catchpic/F/F2/F223F5606607E04B2893A3F320E8F1A4.png&quot;/&gt;&lt;/p&gt;&lt;p&gt;【环球网报道&amp;nbsp;记者&amp;nbsp;初晓慧】日本首相安倍晋三和印度总理莫迪11月21日在马来西亚首都吉隆坡举行了首脑会谈。据日本共同社11月23日报道，会谈开始前的拍照环节出现了一个小插曲——本应是从上到下橙、白、绿三色的印度国旗竟然被挂反了。&lt;/p&gt;&lt;p&gt;在安倍的提议下，两人决定边吃边谈。莫迪还在推特上称“与安倍会谈每次都很愉快”，以表明两人私交甚笃。然而，午餐时却发现印度国旗被挂反了，后来在旗帜放正之后两人重新进行了拍照。&lt;/p&gt;&lt;p&gt;12121&lt;br/&gt;&lt;/p&gt;', 6, 1, '0000-00-00', '00:00:00', '2015-11-23 22:09:57'),
(11, '关于我们1', '关于我们', '<p style="margin-top: 20px;"><strong><span style="text-decoration: underline;">关于我们关于我们关于我们关于我们关于我们关于我们关于我们关于我们关于我们</span></strong></p>', 16, 0, '2014-11-11', '13:30:02', '2015-11-24 21:14:09'),
(12, '联系方式', '联系方式', '<hr/><p>联系方式联系方式联系方式联系方式</p>', 17, 1, '2015-11-20', '03:04:00', '2015-11-24 21:16:34'),
(13, '郭台铭制止员工违规抽烟反被呛：你谁啊 关你X事', '', '&lt;p style=&quot;border: 0px; margin-top: 0px; margin-bottom: 0px; padding: 26px 0px 0px; font-size: 14px; font-family: 宋体, simsun, sans-serif, Arial; line-height: 26px; white-space: normal; background-color: rgb(255, 255, 255);&quot;&gt;　据香港《南华早报》网站11月24日报道，网友爆料称，近日在深圳富士康龙华B13爱转角餐厅门口，郭台铭也去吃饭，看见两个员工在餐厅门口抽烟，他叫员工把烟头灭了。但一员工不认识老板，直接回骂：“你谁啊！关你X事！”&lt;/p&gt;&lt;p style=&quot;border: 0px; margin-top: 0px; margin-bottom: 0px; padding: 26px 0px 0px; font-size: 14px; font-family: 宋体, simsun, sans-serif, Arial; line-height: 26px; white-space: normal; background-color: rgb(255, 255, 255);&quot;&gt;　　网友称，郭台铭震怒，直接打电话叫iDSBG（创新数位系统事业群）总经理陈振国过来了。&lt;/p&gt;&lt;p style=&quot;border: 0px; margin-top: 0px; margin-bottom: 0px; padding: 26px 0px 0px; font-size: 14px; font-family: 宋体, simsun, sans-serif, Arial; line-height: 26px; white-space: normal; background-color: rgb(255, 255, 255);&quot;&gt;　　网友曝出的视频只有7秒。画面中郭台铭身着白衬衫黑裤子，还拿着一个水杯。他旁边还有两名分别穿着黑色上衣和绿色上衣的男子。&lt;/p&gt;&lt;p style=&quot;border: 0px; margin-top: 0px; margin-bottom: 0px; padding: 26px 0px 0px; font-size: 14px; font-family: 宋体, simsun, sans-serif, Arial; line-height: 26px; white-space: normal; background-color: rgb(255, 255, 255);&quot;&gt;　　视频中，郭台铭指着穿绿色上衣的男子说：“你不修理他，我修理你。我们富士康不要这种员工。”&lt;/p&gt;&lt;p style=&quot;border: 0px; margin-top: 0px; margin-bottom: 0px; padding: 26px 0px 0px; font-size: 14px; font-family: 宋体, simsun, sans-serif, Arial; line-height: 26px; white-space: normal; background-color: rgb(255, 255, 255);&quot;&gt;　　据台湾东森新闻云11月24日报道，此事件发生后，富士康厂区近期内四处都在查员工违反规定不在抽烟区抽烟的行为，更传出龙华厂的主管希望大家帮忙宣导，要确认所有员工都认识自己的上级主管、高层，提醒大家说，“别再回复老板，关你X事了！”&lt;/p&gt;&lt;p style=&quot;border: 0px; margin-top: 0px; margin-bottom: 0px; padding: 26px 0px 0px; font-size: 14px; font-family: 宋体, simsun, sans-serif, Arial; line-height: 26px; white-space: normal; background-color: rgb(255, 255, 255);&quot;&gt;　　报道称，视频上传后立刻被网友疯传，大家纷纷称赞郭董真霸气，有人说，“自己的老板都不认识，真的很夸张！”、“不打勤 ，不打懒 ，专打不长眼”、“面对陌生人，千万不要乱回答，关你吊事了！”还有人提醒，“这件告诉我们，找到工作后一定要先认识所有上级！”&lt;/p&gt;&lt;p&gt;&lt;br/&gt;&lt;/p&gt;', 6, 1, '0000-00-00', '00:00:00', '2015-11-24 20:12:47'),
(14, '董路：恒大胜利跟蔡振华无关 他不爱中国足球', '', '&lt;p style=&quot;margin-top: 0px; margin-bottom: 29px; padding: 0px; line-height: 32px; font-family: &amp;#39;Microsoft Yahei&amp;#39;, SimSun, Arial, HELVETICA; white-space: normal; text-indent: 2em; background-color: rgb(255, 255, 255);&quot;&gt;恒大夺冠夜，著名足球评论员董路第一时间做客风客会高端足球群，直抒胸臆：此时此刻，凡是真正关注中国足球的球迷，心情还是格外激动的，尤其是在几天前国足刚刚踢了一场非常让人难过的比赛，几乎失去了晋级&lt;a class=&quot;a-tips-Article-QQ&quot; href=&quot;http://worldcup.qq.com/&quot; target=&quot;_blank&quot; style=&quot;outline: none; color: rgb(0, 0, 0); text-decoration: none; border-bottom-width: 1px; border-bottom-style: dotted; border-bottom-color: rgb(83, 109, 166);&quot;&gt;世界杯&lt;/a&gt;的机会，恒大在这场一个夜晚能够为中国职业足球再次赢得亚洲冠军，我觉得多多少少能给中国球迷带来几分安慰！虽然说&lt;a class=&quot;a-tips-Article-QQ&quot; href=&quot;http://soccerdata.sports.qq.com/team/6386.htm&quot; target=&quot;_blank&quot; style=&quot;outline: none; color: rgb(0, 0, 0); text-decoration: none; border-bottom-width: 1px; border-bottom-style: dotted; border-bottom-color: rgb(83, 109, 166);&quot;&gt;广州恒大&lt;/a&gt;不等于中国国家队！但是，中国职业足球毕竟是中国足球大概念当中重要的组成部分，因此今天的胜利，也是可喜可贺的！&lt;/p&gt;&lt;p style=&quot;text-align:center;margin-top: 0px; margin-bottom: 29px; padding: 0px; line-height: 32px; font-family: &amp;#39;Microsoft Yahei&amp;#39;, SimSun, Arial, HELVETICA; white-space: normal; background-color: rgb(255, 255, 255);&quot;&gt;&lt;br/&gt;&lt;/p&gt;&lt;p&gt;&lt;img alt=&quot;董路：恒大胜利跟蔡振华无关 他不爱中国足球&quot; src=&quot;http://img1.gtimg.com/sports/pics/hv1/195/148/1971/128202210.jpg&quot; style=&quot;border: none; vertical-align: bottom; max-width: 640px;&quot;/&gt;&lt;/p&gt;&lt;p&gt;&lt;br/&gt;&lt;/p&gt;&lt;p style=&quot;text-align:center;margin-top: 0px; margin-bottom: 29px; padding: 0px; line-height: 32px; white-space: normal; font-family: 宋体; font-size: 10pt; background-color: rgb(255, 255, 255);&quot;&gt;有一&lt;a class=&quot;a-tips-Article-QQ&quot; href=&quot;http://csldata.sports.qq.com/team/6906.htm&quot; target=&quot;_blank&quot; style=&quot;outline: none; color: rgb(0, 0, 0); text-decoration: none; border-bottom-width: 1px; border-bottom-style: dotted; border-bottom-color: rgb(83, 109, 166);&quot;&gt;人和&lt;/a&gt;恒大胜利没关系&lt;/p&gt;&lt;p style=&quot;margin-top: 0px; margin-bottom: 29px; padding: 0px; line-height: 32px; font-family: &amp;#39;Microsoft Yahei&amp;#39;, SimSun, Arial, HELVETICA; white-space: normal; text-indent: 2em; background-color: rgb(255, 255, 255);&quot;&gt;&lt;strong&gt;有一人和恒大胜利没关系&lt;/strong&gt;&lt;/p&gt;&lt;p style=&quot;margin-top: 0px; margin-bottom: 29px; padding: 0px; line-height: 32px; font-family: &amp;#39;Microsoft Yahei&amp;#39;, SimSun, Arial, HELVETICA; white-space: normal; text-indent: 2em; background-color: rgb(255, 255, 255);&quot;&gt;今天在天河的球场上，导播也不时的镜头对准主席台。有领导在场，自然是自上而下的一种关怀。有许家印和马云两个人的截然不同的表现，显然许家印见多识广对足球的认识理解更成熟一些！马云那上下翻飞，眉飞色舞，喜形于色，在某种程度上也是提醒着自己是一个比较纯粹的，并不算特别懂球的，但是非常有钱并渴望在中国职业足球领域，凭借资本的力量撬动足球的成功人士，这是一个商人真实的反应。&lt;/p&gt;&lt;p style=&quot;margin-top: 0px; margin-bottom: 29px; padding: 0px; line-height: 32px; font-family: &amp;#39;Microsoft Yahei&amp;#39;, SimSun, Arial, HELVETICA; white-space: normal; text-indent: 2em; background-color: rgb(255, 255, 255);&quot;&gt;当然呢，还有足协主席。当&lt;a class=&quot;a-tips-Article-QQ&quot; href=&quot;http://csldata.sports.qq.com/player/61165.htm&quot; target=&quot;_blank&quot; style=&quot;outline: none; color: rgb(0, 0, 0); text-decoration: none; border-bottom-width: 1px; border-bottom-style: dotted; border-bottom-color: rgb(83, 109, 166);&quot;&gt;埃尔克森&lt;/a&gt;进球的时候镜头给到足协主席，他正在看手机！也许他正在看我质疑他的微博或者微信吧。谁知道呢，总而言之，如果这些人当中有一个人不爱足球，那就是他。我们对事不对人，他只是一个在中国这样的一个体育机制之下，一个凭借着当年世界冠军的头衔走上管理岗位又跨界来沾染中国足球。他是否真的爱足球？他是否了解足球运动的规律？和他是否有足够的胆识和魄力改变中国足球的现状？我想这些可能在这个夜晚都会成为非常巨大的一个问号。如果说在天河有4、5万人，胜利可以属于所有人，但除了他以外。因为对于他来讲，我想他更多的应该为中国国足在有能力踢的更好的情况下却由于管理的失败失误不作为负起责任。广州恒大的胜利，和他基本上没有任何关系！&lt;/p&gt;&lt;p style=&quot;margin-top: 0px; margin-bottom: 29px; padding: 0px; line-height: 32px; font-family: &amp;#39;Microsoft Yahei&amp;#39;, SimSun, Arial, HELVETICA; white-space: normal; text-indent: 2em; background-color: rgb(255, 255, 255);&quot;&gt;我们都说中国足球还要继续踢下去，这是个真理，现在越来越多人开始感受到中国职业足球的这种魅力，以广州恒大为代表的中国职业球队已经在国内掀起了非常大的热潮。我再次强调一下，职业足球是龙头，那么社会足球业余足球和青少年足球，必须得同步发展。全社会的形成一个真正的足球氛围，只有这种深入到百姓生活当中足球氛围的营造，才能够在其中孕育而生属于中国的足球文化。而只有中国足球拥有了属于自己的文化，中国足球才能够真正的实现腾飞。而不是说几十年来打进过一次世界杯剩下的全是惨案。&lt;/p&gt;&lt;p style=&quot;margin-top: 0px; margin-bottom: 29px; padding: 0px; line-height: 32px; font-family: &amp;#39;Microsoft Yahei&amp;#39;, SimSun, Arial, HELVETICA; white-space: normal; text-indent: 2em; background-color: rgb(255, 255, 255);&quot;&gt;我想再次描绘一下我心目当中中国足球真正实现腾飞的场景。这个场景当然包括类似像今天这样的一个夜晚，中国的职业球队能够问鼎亚冠冠军的奖杯。当然也包括在2001年10月7日的那个夜晚，中国队打进世界杯那样的欢乐的场面。而终极的体现，一定是在某一个风和日丽的周末的夜晚，在中国各地在工厂在学校在农村在小区在机关在所有的球场灯火通明。然后你会看到老老少少在踢足球。然后旁边有很多街坊邻里七大姑八大姨在加油助威！人们的脸上洋溢着灿烂的笑容。人们为每一个漂亮的进球而欢呼，为每一次错失机会而叹息，我想只有这样的一个场面才是属于中国足球的清明上河图，只有这样的画面真正的在中国大地，在每一个中国热爱足球的人眼前展开的时候，只有此时此刻在交流的每一个人投入其中的时候，那个时候才是中国足球真正腾飞的开始。除此之外，没有任何奖项可以真正描绘出哪一天才是真实的中国足球的腾飞。&lt;/p&gt;&lt;p style=&quot;text-align:center;margin-top: 0px; margin-bottom: 29px; padding: 0px; line-height: 32px; font-family: &amp;#39;Microsoft Yahei&amp;#39;, SimSun, Arial, HELVETICA; white-space: normal; background-color: rgb(255, 255, 255);&quot;&gt;&lt;br/&gt;&lt;/p&gt;&lt;p&gt;&lt;img alt=&quot;董路：恒大胜利跟蔡振华无关 他不爱中国足球&quot; src=&quot;http://img1.gtimg.com/sports/pics/hv1/201/148/1971/128202216.jpg&quot; style=&quot;border: none; vertical-align: bottom; max-width: 640px;&quot;/&gt;&lt;/p&gt;&lt;p&gt;&lt;br/&gt;&lt;/p&gt;&lt;p style=&quot;text-align:center;margin-top: 0px; margin-bottom: 29px; padding: 0px; line-height: 32px; white-space: normal; font-family: 宋体; font-size: 10pt; background-color: rgb(255, 255, 255);&quot;&gt;恒大赢球三个关键词&lt;/p&gt;&lt;p style=&quot;margin-top: 0px; margin-bottom: 29px; padding: 0px; line-height: 32px; font-family: &amp;#39;Microsoft Yahei&amp;#39;, SimSun, Arial, HELVETICA; white-space: normal; text-indent: 2em; background-color: rgb(255, 255, 255);&quot;&gt;&lt;strong&gt;恒大赢球三个关键词&lt;/strong&gt;&lt;/p&gt;&lt;p style=&quot;margin-top: 0px; margin-bottom: 29px; padding: 0px; line-height: 32px; font-family: &amp;#39;Microsoft Yahei&amp;#39;, SimSun, Arial, HELVETICA; white-space: normal; text-indent: 2em; background-color: rgb(255, 255, 255);&quot;&gt;那么在赛前我在展望这场比赛的时候提出了三个关键词，第一个是防守，第二个是运气，第三个是斯科拉里。&lt;/p&gt;&lt;p style=&quot;margin-top: 0px; margin-bottom: 29px; padding: 0px; line-height: 32px; font-family: &amp;#39;Microsoft Yahei&amp;#39;, SimSun, Arial, HELVETICA; white-space: normal; text-indent: 2em; background-color: rgb(255, 255, 255);&quot;&gt;我为什么要更加强调防守呢。坦白讲这场比赛，看上去广州恒大想要夺冠得击败对手得进球，但是防守在这场比赛中反而地位要高于进攻。对于广州恒大来讲，前锋线拥有像埃尔克森高&lt;a class=&quot;a-tips-Article-QQ&quot; href=&quot;http://sports.qq.com/d/f_players/7/6043&quot; target=&quot;_blank&quot; style=&quot;outline: none; color: rgb(0, 0, 0); text-decoration: none; border-bottom-width: 1px; border-bottom-style: dotted; border-bottom-color: rgb(83, 109, 166);&quot;&gt;拉特&lt;/a&gt;这样的队员，他们的个人能力，在90分钟的比赛当中，如果再加上第一回合180分钟的比赛当中，应当是有机会创造出破门得分的能力。相比之下防守如果一旦出线漏洞，那么很有可能这样的进球，带来的情绪也不足以让广州恒大夺取冠军。毕竟首回合是0比0的互交白卷！这样比赛的整体防守应当说做的还是相当不错的，只能说零封对手，也确保了一个进球，足以让广州恒大捧起亚冠冠军的奖杯，整体防守依靠于后卫和前卫乃至前锋的集体围抢延缓封堵补位协防，应该说在比赛当中赛阿尔阿赫利也有几次威胁到了球门，但是总体上广州恒大队坚强的防守为胜利铺平了道路！&lt;/p&gt;&lt;p style=&quot;margin-top: 0px; margin-bottom: 29px; padding: 0px; line-height: 32px; font-family: &amp;#39;Microsoft Yahei&amp;#39;, SimSun, Arial, HELVETICA; white-space: normal; text-indent: 2em; background-color: rgb(255, 255, 255);&quot;&gt;第二个关键词是运气。我为什么提运气？，坦白讲，我们回顾广州恒大在淘汰赛以来这几场比赛当中的进球，一个个世界波，仍然记忆犹新。从某种角度来讲，如此漂亮的世界波，连续的出现，表明着幸运女神的一种眷顾，那么我在此之前也有点担心，是不是这样的运气是在这样一个夜晚离开广州恒大而去？当曾诚意外受伤下场的时候似乎有这样的苗头，但是当埃尔克森一个惊人的充满想象力的转身破门，又仿佛牢牢的吸引幸运女神的目光！而最终随着对方的一名队员情绪失控，红牌下场，人数上的优势也确保广州恒大在最后时段虽然出现过一些场面上的失控，但是对手也在少打一人的情况下，很难组织起真正的有威胁的反扑，这在某种程度上运气至少说不好不坏，至少说幸运仍然没有离开广州恒大，也确保了广州恒大最终能够顶住对方最后的攻击，牢牢的将主动权掌控在自己的手里。&lt;/p&gt;&lt;p style=&quot;margin-top: 0px; margin-bottom: 29px; padding: 0px; line-height: 32px; font-family: &amp;#39;Microsoft Yahei&amp;#39;, SimSun, Arial, HELVETICA; white-space: normal; text-indent: 2em; background-color: rgb(255, 255, 255);&quot;&gt;第三个关键词斯科拉里，坦白讲，斯科拉里今天所面对的形势要比他的同行里皮两年前更加凶险。但是斯科拉里顶住了。这场比赛斯科拉里首先强调打开局，在前15分钟到20分钟广州恒大凶猛的攻势，让做客的阿尔阿赫利只能限于频繁的招架当中。这样的主场开局局势，这个战略是非常正确的，同时在整场比赛之中，大部分时间里面，广州恒大在中前场的这种压迫式的逼抢，还是在一定程度上限制了阿尔阿赫利队的中场的传递，当然阿尔阿赫利的快速反击，在某种程度上，成为了广州恒大防守的心腹大患，对方多次利用广州恒大的进攻机会从后场发动快速的反击，确实是非常犀利！&lt;/p&gt;&lt;p style=&quot;margin-top: 0px; margin-bottom: 29px; padding: 0px; line-height: 32px; font-family: &amp;#39;Microsoft Yahei&amp;#39;, SimSun, Arial, HELVETICA; white-space: normal; text-indent: 2em; background-color: rgb(255, 255, 255);&quot;&gt;那么在比赛的最后时刻，直观上看，在多打一人的情况下斯科拉里的换人似乎相对有些保守，换人似乎有些迟缓，但是这里面有两个情况，一是曾诚的意外受伤，非战斗型减员，白白用掉一个换人名额，另外一个情况斯科拉里可能也担心着如果换上的队员不能适应比赛的节奏，也有可能出现一定的漏洞，反而会被对方所抓住！在最后时刻斯科拉里所换上的两个队员意图还是非常的明显，也起得了一定的效果。换上刘建是增加了中后卫，尤其是后腰位置上的中路的这种防守，而最后换上&lt;a class=&quot;a-tips-Article-QQ&quot; href=&quot;http://soccerdata.sports.qq.com/player/37441.htm&quot; target=&quot;_blank&quot; style=&quot;outline: none; color: rgb(0, 0, 0); text-decoration: none; border-bottom-width: 1px; border-bottom-style: dotted; border-bottom-color: rgb(83, 109, 166);&quot;&gt;郜林&lt;/a&gt;，一能耽误一点时间，二利用郜林能够带球的特长，尽量的消耗对手，造对手的犯规。应当说这两个换人虽显延迟，但是也体现了斯科拉里这样的一个世界杯冠军教头，丰富的执教经验。&lt;/p&gt;&lt;p style=&quot;text-align:center;margin-top: 0px; margin-bottom: 29px; padding: 0px; line-height: 32px; font-family: &amp;#39;Microsoft Yahei&amp;#39;, SimSun, Arial, HELVETICA; white-space: normal; background-color: rgb(255, 255, 255);&quot;&gt;&lt;br/&gt;&lt;/p&gt;&lt;p&gt;&lt;img alt=&quot;董路：恒大胜利跟蔡振华无关 他不爱中国足球&quot; src=&quot;http://img1.gtimg.com/sports/pics/hv1/204/148/1971/128202219.jpg&quot; style=&quot;border: none; vertical-align: bottom; max-width: 640px;&quot;/&gt;&lt;/p&gt;&lt;p&gt;&lt;br/&gt;&lt;/p&gt;&lt;p style=&quot;text-align:center;margin-top: 0px; margin-bottom: 29px; padding: 0px; line-height: 32px; white-space: normal; font-family: 宋体; font-size: 10pt; background-color: rgb(255, 255, 255);&quot;&gt;冠军王朝的底蕴&lt;/p&gt;&lt;p style=&quot;margin-top: 0px; margin-bottom: 29px; padding: 0px; line-height: 32px; font-family: &amp;#39;Microsoft Yahei&amp;#39;, SimSun, Arial, HELVETICA; white-space: normal; text-indent: 2em; background-color: rgb(255, 255, 255);&quot;&gt;&lt;strong&gt;冠军王朝的底蕴&lt;/strong&gt;&lt;/p&gt;&lt;p style=&quot;margin-top: 0px; margin-bottom: 29px; padding: 0px; line-height: 32px; font-family: &amp;#39;Microsoft Yahei&amp;#39;, SimSun, Arial, HELVETICA; white-space: normal; text-indent: 2em; background-color: rgb(255, 255, 255);&quot;&gt;我在评论广州恒大的这场比赛时说，实力和底蕴每一分钱几乎都没有白花，广州恒大配得上这个冠军！首先来讲，经过5年的不断的这种积累，持续的高额投入以及高额奖金刺激，在某种程度上也使得广州恒大累积了足够的板凳厚度，整体实力在&lt;a class=&quot;a-tips-Article-QQ&quot; href=&quot;http://sports.qq.com/csocce/csl/index.htm&quot; target=&quot;_blank&quot; style=&quot;outline: none; color: rgb(0, 0, 0); text-decoration: none; border-bottom-width: 1px; border-bottom-style: dotted; border-bottom-color: rgb(83, 109, 166);&quot;&gt;中超&lt;/a&gt;当中，联赛漫长征战中已经有所体现，在亚冠赛场上同样。相较于对手也许首发十一个人不分伯仲，但显然广州恒大在替补席上，有更游刃有余的用兵选择！&lt;/p&gt;&lt;p style=&quot;margin-top: 0px; margin-bottom: 29px; padding: 0px; line-height: 32px; font-family: &amp;#39;Microsoft Yahei&amp;#39;, SimSun, Arial, HELVETICA; white-space: normal; text-indent: 2em; background-color: rgb(255, 255, 255);&quot;&gt;这一说底蕴，什么叫底蕴？也许广州恒大只是一只并没有太长历史的职业俱乐部！但是他在比较短时间内迅速的奠定了自己的一个恒大王朝，连续5次夺取中超冠军，在某种程度上，也让这只俱乐部这只球队的底蕴迅速的得到了丰厚。尽管中超联赛整体水平无法跟欧洲相比，但是相较于西亚或中东的联赛，随着各家俱乐部的整体的投入，中超的对抗水平，技战术的能力还是在持续的走高当中，这在一定程度上也帮助广州恒大。当一支有实力的球队，同时也逐渐拥有了底蕴之后，那么在最关键的比赛，在最关键的时刻，这种神秘的力量可能就会换化成为战斗力，化优势为胜势！这就是所谓在足球世界里底蕴两个字真正的内涵！至于说每一分钱都没有白花也许有点夸张，但是不得不说广州恒大，第一，他有钱。第二，他敢花钱。第三，他花的钱的效率相对的比较高。我想无论是许家印还是后面的马云，对于足球这样的一种高投入高产出的理念，以及丰厚的资本，在一定程度上也是这样，也是让广州恒大逐渐变得更加强大。&lt;/p&gt;&lt;p style=&quot;margin-top: 0px; margin-bottom: 29px; padding: 0px; line-height: 32px; font-family: &amp;#39;Microsoft Yahei&amp;#39;, SimSun, Arial, HELVETICA; white-space: normal; text-indent: 2em; background-color: rgb(255, 255, 255);&quot;&gt;在这场比赛当中你可以看到&lt;a class=&quot;a-tips-Article-QQ&quot; href=&quot;http://soccerdata.sports.qq.com/player/61622.htm&quot; target=&quot;_blank&quot; style=&quot;outline: none; color: rgb(0, 0, 0); text-decoration: none; border-bottom-width: 1px; border-bottom-style: dotted; border-bottom-color: rgb(83, 109, 166);&quot;&gt;高拉特&lt;/a&gt;的作用。即便说是刚刚伤愈复出，即便说不是自己的最好水平，但是在整个恒大的进攻当中，他完全是一个枢纽完全起到了一个核心的作用。他的1200W欧元的身价，证明着物有所值。而在这场比赛最关键的时刻，保利尼奥在后腰位置上，在中场的拦截作用，以及拿球的这样的一种稳定，在很大程度上也是稳固了防守。包括&lt;a class=&quot;a-tips-Article-QQ&quot; href=&quot;http://soccerdata.sports.qq.com/player/98762.htm&quot; target=&quot;_blank&quot; style=&quot;outline: none; color: rgb(0, 0, 0); text-decoration: none; border-bottom-width: 1px; border-bottom-style: dotted; border-bottom-color: rgb(83, 109, 166);&quot;&gt;金英权&lt;/a&gt;&amp;nbsp;，多次出现在最关键的位置上也是发挥了自己的作用。&lt;/p&gt;&lt;p style=&quot;margin-top: 0px; margin-bottom: 29px; padding: 0px; line-height: 32px; font-family: &amp;#39;Microsoft Yahei&amp;#39;, SimSun, Arial, HELVETICA; white-space: normal; text-indent: 2em; background-color: rgb(255, 255, 255);&quot;&gt;我们不能说广州恒大的整体实力已经雄冠亚洲，比如说在某些对日韩球队的比赛，比如说在对阿尔阿赫利的比赛并不是一种绝对的优势。但是能破关夺寨，能够击败一个又一个对手，最终，走上冠军领奖台，还是在某种程度上体现着恒大整体的实力，底蕴，在某种程度领先的优势。但这里面的广州球迷，天河体育场的球迷也是功不可没，他们也许破费了，但是我想他们的花销吧也是物有所值。他们营造了一个最好的主场。&lt;/p&gt;&lt;p style=&quot;text-align:center;margin-top: 0px; margin-bottom: 29px; padding: 0px; line-height: 32px; font-family: &amp;#39;Microsoft Yahei&amp;#39;, SimSun, Arial, HELVETICA; white-space: normal; background-color: rgb(255, 255, 255);&quot;&gt;&lt;br/&gt;&lt;/p&gt;&lt;p&gt;&lt;img alt=&quot;董路：恒大胜利跟蔡振华无关 他不爱中国足球&quot; src=&quot;http://img1.gtimg.com/sports/pics/hv1/206/148/1971/128202221.jpg&quot; style=&quot;border: none; vertical-align: bottom; max-width: 640px;&quot;/&gt;&lt;/p&gt;&lt;p&gt;&lt;br/&gt;&lt;/p&gt;&lt;p style=&quot;text-align:center;margin-top: 0px; margin-bottom: 29px; padding: 0px; line-height: 32px; white-space: normal; font-family: 宋体; font-size: 10pt; background-color: rgb(255, 255, 255);&quot;&gt;恒大强势掩盖不了国足惨淡&lt;/p&gt;&lt;p style=&quot;margin-top: 0px; margin-bottom: 29px; padding: 0px; line-height: 32px; font-family: &amp;#39;Microsoft Yahei&amp;#39;, SimSun, Arial, HELVETICA; white-space: normal; text-indent: 2em; background-color: rgb(255, 255, 255);&quot;&gt;&lt;strong&gt;恒大强势掩盖不了国足惨淡&lt;/strong&gt;&lt;/p&gt;&lt;p style=&quot;margin-top: 0px; margin-bottom: 29px; padding: 0px; line-height: 32px; font-family: &amp;#39;Microsoft Yahei&amp;#39;, SimSun, Arial, HELVETICA; white-space: normal; text-indent: 2em; background-color: rgb(255, 255, 255);&quot;&gt;或许有人说，广州恒大不等于中国足球，或者具体说广州恒大的辉煌无法掩盖国足的黯淡，这肯定是一个事实。但从另一个角度来讲，我想广州恒大能够代表中国职业联赛站到亚冠赛场的最高领奖台上，在很大程度上也能够提升中国职业联赛的这种知名度美誉度和影响力。同时广州恒大凭着自己这样的投入以及整体形象的打造，在中国的足球的球迷群体里面树立了自己独一无二的地位，也能够吸引更多的中国球迷！&lt;/p&gt;&lt;p style=&quot;margin-top: 0px; margin-bottom: 29px; padding: 0px; line-height: 32px; font-family: &amp;#39;Microsoft Yahei&amp;#39;, SimSun, Arial, HELVETICA; white-space: normal; text-indent: 2em; background-color: rgb(255, 255, 255);&quot;&gt;即便广州恒大夺取亚冠冠军，也无法完全弥补中国国足在冲击世界杯的尴尬惨败的处境。但是，职业足球，他和国家队之间最大的区别就是职业足球每年大概有九个月的时间，就在我们身边，他会逐渐的成为很多中国球迷生活当中的一部分。而国足基本上是每四年或者是每两年出现一次。这一次国足的失利并没有引发更多人的这样的一种绝望或者失望的情绪，我认为恰恰是因为像职业足球像业余足球青少年足球，已经越来越深入的走入了中国寻常百姓的日常生活中，他们并没有因为国足的失败而失去什么。&lt;/p&gt;&lt;p style=&quot;margin-top: 0px; margin-bottom: 29px; padding: 0px; line-height: 32px; font-family: &amp;#39;Microsoft Yahei&amp;#39;, SimSun, Arial, HELVETICA; white-space: normal; text-indent: 2em; background-color: rgb(255, 255, 255);&quot;&gt;我们应该用更客观或者说更理性以及更广阔的视角来看待中国足球，中国足球是一个大的概念，这里面有各级国家队，当然以国足为先导，也有职业足球以中超为代表，也有中国的社会足球业余足球和青少年的足球。我想每一个部分都是中国足球有机的组成部分。如果我们把所有的目光都集中在国足上，以目前的中国足球整体的发展水平来讲，国足至少不能够确保随时随地时刻给我们带来心满意足的成绩。但是如果说是职业联赛我们身边的足球能够呈现出更加绚烂的色彩，我想中国足球也有春天！&lt;/p&gt;&lt;p style=&quot;text-align:center;margin-top: 0px; margin-bottom: 29px; padding: 0px; line-height: 32px; font-family: &amp;#39;Microsoft Yahei&amp;#39;, SimSun, Arial, HELVETICA; white-space: normal; background-color: rgb(255, 255, 255);&quot;&gt;&lt;br/&gt;&lt;/p&gt;&lt;p&gt;&lt;img alt=&quot;董路：恒大胜利跟蔡振华无关 他不爱中国足球&quot; src=&quot;http://img1.gtimg.com/sports/pics/hv1/213/148/1971/128202228.jpg&quot; style=&quot;border: none; vertical-align: bottom; max-width: 640px;&quot;/&gt;&lt;/p&gt;&lt;p&gt;&lt;br/&gt;&lt;/p&gt;&lt;p style=&quot;text-align:center;margin-top: 0px; margin-bottom: 29px; padding: 0px; line-height: 32px; white-space: normal; font-family: 宋体; font-size: 10pt; background-color: rgb(255, 255, 255);&quot;&gt;复制恒大模式是伪命题&lt;/p&gt;&lt;p style=&quot;margin-top: 0px; margin-bottom: 29px; padding: 0px; line-height: 32px; font-family: &amp;#39;Microsoft Yahei&amp;#39;, SimSun, Arial, HELVETICA; white-space: normal; text-indent: 2em; background-color: rgb(255, 255, 255);&quot;&gt;&lt;strong&gt;复制恒大模式是伪命题&lt;/strong&gt;&lt;/p&gt;&lt;p style=&quot;margin-top: 0px; margin-bottom: 29px; padding: 0px; line-height: 32px; font-family: &amp;#39;Microsoft Yahei&amp;#39;, SimSun, Arial, HELVETICA; white-space: normal; text-indent: 2em; background-color: rgb(255, 255, 255);&quot;&gt;有人在说恒大模式是不是可以在中国推而广之，我认识这是一个伪命题！就像巴塞罗那或者&lt;a class=&quot;a-tips-Article-QQ&quot; href=&quot;http://soccerdata.sports.qq.com/team/186.htm&quot; target=&quot;_blank&quot; style=&quot;outline: none; color: rgb(0, 0, 0); text-decoration: none; border-bottom-width: 1px; border-bottom-style: dotted; border-bottom-color: rgb(83, 109, 166);&quot;&gt;皇家马德里&lt;/a&gt;在西甲也没有多少球队能够复制一样。我想每一个俱乐部在中国职业足球的这个氛围里面就好比是每个人在生活当中，你不能要求每一个人，都能够像所谓成功者那样去生活，每一个人都有自己的处境，也都有自己的特点，也都有自己的生存方式。就像在西甲除了皇马(&lt;a class=&quot;a-tips-Article-QQ&quot; href=&quot;http://soccerdata.sports.qq.com/team/186.htm&quot; target=&quot;_blank&quot; style=&quot;outline: none; color: rgb(0, 0, 0); text-decoration: none; border-bottom-width: 1px; border-bottom-style: dotted; border-bottom-color: rgb(83, 109, 166);&quot;&gt;数据&lt;/a&gt;)&amp;nbsp;巴萨(&lt;a class=&quot;a-tips-Article-QQ&quot; href=&quot;http://fcbarcelona.qq.com/&quot; target=&quot;_blank&quot; style=&quot;outline: none; color: rgb(0, 0, 0); text-decoration: none; border-bottom-width: 1px; border-bottom-style: dotted; border-bottom-color: rgb(83, 109, 166);&quot;&gt;官网&lt;/a&gt;&amp;nbsp;&lt;a class=&quot;a-tips-Article-QQ&quot; href=&quot;http://soccerdata.sports.qq.com/team/178.htm&quot; target=&quot;_blank&quot; style=&quot;outline: none; color: rgb(0, 0, 0); text-decoration: none; border-bottom-width: 1px; border-bottom-style: dotted; border-bottom-color: rgb(83, 109, 166);&quot;&gt;数据&lt;/a&gt;)&amp;nbsp;&lt;a class=&quot;a-tips-Article-QQ&quot; href=&quot;http://sports.qq.com/d/f_teams/1/51&quot; target=&quot;_blank&quot; style=&quot;outline: none; color: rgb(0, 0, 0); text-decoration: none; border-bottom-width: 1px; border-bottom-style: dotted; border-bottom-color: rgb(83, 109, 166);&quot;&gt;马竞&lt;/a&gt;，他还有其他的17支西甲球队，他仍然能够找到属于自己的位置，单纯的复制广州恒大还是需要具备一些列的条件，比如首先你要有足够的钱！你不仅要有足够的钱，你还有着比较通畅花钱的渠道，并且有人敢于果断及时的拍板，敢花钱。第三点就是把钱花到正确的地方。我想在这三点上的拥有，恰恰是恒大模式的本质。第一他有钱，资本的介入。第二他敢花钱，因为他，老板说了算，老板说花钱就花钱。第三，恒大也是经过不断的扎实的工作，在引进球员教练整体的流程，整体的研讨以及最终的效果评估也是做到了尽可能的尊重规律，尊重科学！&lt;/p&gt;&lt;p style=&quot;margin-top: 0px; margin-bottom: 29px; padding: 0px; line-height: 32px; font-family: &amp;#39;Microsoft Yahei&amp;#39;, SimSun, Arial, HELVETICA; white-space: normal; text-indent: 2em; background-color: rgb(255, 255, 255);&quot;&gt;想象一下如果是一个国企，很大的国企，他一定有钱，但是他敢不敢花钱就是另外一个事情。因为作为国企来讲，你每花一分钱可能都会有问责，都会有某一种考核。而在民营企业来讲，老板决定的老板就会承担责任，但重要的就是把钱花对。我想在这一点上才是真正的国内很多俱乐部需要像广州恒大虚心请教学习的一点。实际很多的俱乐部并没有太少的花钱，可能没有恒大那么多，但是你花钱的效果如何？你花钱的效率如何？在这方面可能一相比，就相去甚远了。如果你花了钱买了四五个外援最后都买错了，不得不提前终止合同，赔人家违约金，把所有钱加起来可能也相抵甚至超过保利尼奥或者高拉特引进的费用，那只能说明你可能也没太少花钱，但是你花的都打了水漂。我想恒大，所谓每一分钱都没有白花，恰恰印证他除了有钱敢花钱之外，还有比较聪明的花钱头脑和方式。&lt;/p&gt;&lt;p style=&quot;text-align:center;margin-top: 0px; margin-bottom: 29px; padding: 0px; line-height: 32px; font-family: &amp;#39;Microsoft Yahei&amp;#39;, SimSun, Arial, HELVETICA; white-space: normal; background-color: rgb(255, 255, 255);&quot;&gt;&lt;br/&gt;&lt;/p&gt;&lt;p&gt;&lt;img alt=&quot;董路：恒大胜利跟蔡振华无关 他不爱中国足球&quot; src=&quot;http://img1.gtimg.com/sports/pics/hv1/240/148/1971/128202255.jpg&quot; style=&quot;border: none; vertical-align: bottom; max-width: 640px;&quot;/&gt;&lt;/p&gt;&lt;p&gt;&lt;br/&gt;&lt;/p&gt;&lt;p style=&quot;text-align:center;margin-top: 0px; margin-bottom: 29px; padding: 0px; line-height: 32px; white-space: normal; font-family: 宋体; font-size: 10pt; background-color: rgb(255, 255, 255);&quot;&gt;恒大未来何去何从&lt;/p&gt;&lt;p style=&quot;margin-top: 0px; margin-bottom: 29px; padding: 0px; line-height: 32px; font-family: &amp;#39;Microsoft Yahei&amp;#39;, SimSun, Arial, HELVETICA; white-space: normal; text-indent: 2em; background-color: rgb(255, 255, 255);&quot;&gt;&lt;strong&gt;恒大未来何去何从&lt;/strong&gt;&lt;/p&gt;&lt;p style=&quot;margin-top: 0px; margin-bottom: 29px; padding: 0px; line-height: 32px; font-family: &amp;#39;Microsoft Yahei&amp;#39;, SimSun, Arial, HELVETICA; white-space: normal; text-indent: 2em; background-color: rgb(255, 255, 255);&quot;&gt;当然如果你一定要让我鸡蛋里挑骨头的话，我想对广州恒大今晚上的胜利提出两点。第一点我不认为今天晚上这样的打法是未来广州恒大想要像更高水平的迈进，乃至于在世俱杯上取得比之前更好成绩的战术打法。因为即使阿尔阿赫利这样的队伍在客场他的反击已经是多次给广州恒大造成了防线的危机。能想象一下如果你碰到更高水平的欧美的球队，那恐怕像今天这样的一种战术和打法，可能会被对手更犀利的反击或者更强大的个人能力摧毁，千疮百孔。&lt;/p&gt;&lt;p style=&quot;margin-top: 0px; margin-bottom: 29px; padding: 0px; line-height: 32px; font-family: &amp;#39;Microsoft Yahei&amp;#39;, SimSun, Arial, HELVETICA; white-space: normal; text-indent: 2em; background-color: rgb(255, 255, 255);&quot;&gt;第二点就是刚才群里面也有球迷所发来的东风日产的一个声明，我觉得这一点呢有点让我不解，因为在我看来无论是马云还好许家印应该大场面的人，应该是在商界是有一定声望的人。所谓商业讲究的是信誉，假如是事实，没有通知对方，然后就擅自终止对方的胸前广告的露出合作，而换上自己的品牌，我始终觉得这一点值得商榷，也许商业有商业的规则，也许许家印或者马云想到了我们通过赔付的方式足以弥补对方的损失。&lt;/p&gt;&lt;p style=&quot;margin-top: 0px; margin-bottom: 29px; padding: 0px; line-height: 32px; font-family: &amp;#39;Microsoft Yahei&amp;#39;, SimSun, Arial, HELVETICA; white-space: normal; text-indent: 2em; background-color: rgb(255, 255, 255);&quot;&gt;但是从另一个角度说，我想信誉也是很重要的。再加上这场比赛之前的球票风波，我觉得百尺竿头更近一步吧！我们在这里面挑选广州恒大的一个战术打法以及俱乐部的某一种运营，其实也是希望在目前的中国的一个背景之下，广州恒大已经是众人所谓欣赏的球队或者是拥有最多中国球迷的，也是中国最具影响力的职业球队俱乐部，乃至在亚洲也在逐渐树立自己强大形象的俱乐部。还是应该尽可能的规避一些感觉上并不是特别合适的一些模式。在商言商，我们无法要求商人有更多的社会责任感或者说是一种更高的道德层面，我们不是道德帝。但是我想，无论是人与人之间还是商业合作之间，这种信誉应该是随时都应该恪守的吧！当然，即便这两点也无法掩盖广州恒大今晚的胜利，我相信这一个夜晚应当说对于广州恒大未来的发展还是充满着动力和积极意义的，因为，如果说一次亚冠冠军，有一定的偶然性，而今天再一次染指亚冠，证明广州恒大俱乐部确实已经是亚洲豪门！&lt;/p&gt;&lt;p style=&quot;margin-top: 0px; margin-bottom: 29px; padding: 0px; line-height: 32px; font-family: &amp;#39;Microsoft Yahei&amp;#39;, SimSun, Arial, HELVETICA; white-space: normal; text-indent: 2em; background-color: rgb(255, 255, 255);&quot;&gt;赢得了亚冠冠军之后，我觉得值得，中国职业足球界关注的一点就是接下来广州恒大还要做什么，我指的就是整个俱乐部建设，整个球队的组织发展层面上。也许广州恒大还会继续引入中青年的才俊，来进一步丰富自己的阵容。也许有些队员在恒大打不上主力将会被甩卖交换！尤其是外援会有一些新的变化，常换常新保持球队的基本风格不变。在战术稳定性的前提之下，同时又能够不断有新鲜血液的注入，我想应该是恒大接下来要做的事情。&lt;/p&gt;&lt;p&gt;&lt;br/&gt;&lt;/p&gt;', 6, 1, '0000-00-00', '00:00:00', '2015-11-24 20:14:12');
INSERT INTO `smart_content` (`id`, `title`, `keywords`, `content`, `columnid`, `isshow`, `issuedate`, `issuetime`, `addtime`) VALUES
(15, '小米发布会邀请函：全金属+指纹识别都来了', '', '&lt;p style=&quot;box-sizing: border-box; margin-top: 0px; margin-bottom: 0px; padding: 7px 0px; word-wrap: break-word; -webkit-font-smoothing: antialiased; color: rgb(51, 51, 51); font-family: &amp;#39;Microsoft YaHei&amp;#39;, &amp;#39;Hiragino Sans GB&amp;#39;, simsun, sans-serif; line-height: 30px; text-align: justify; white-space: normal; background-color: rgb(255, 255, 255);&quot;&gt;今天小米又要举办新品发布会了，毫无疑问，红米Note 3将正式亮相，而小米平板2、小米新净水器也都可期。&lt;/p&gt;&lt;p style=&quot;box-sizing: border-box; margin-top: 0px; margin-bottom: 0px; padding: 7px 0px; word-wrap: break-word; -webkit-font-smoothing: antialiased; color: rgb(51, 51, 51); font-family: &amp;#39;Microsoft YaHei&amp;#39;, &amp;#39;Hiragino Sans GB&amp;#39;, simsun, sans-serif; line-height: 30px; text-align: justify; white-space: normal; background-color: rgb(255, 255, 255);&quot;&gt;　　现在我们也已经拿到了邀请函，里面不是奥氏体304，而是一块合金金属板，中间则标有“压轴好戏”四个字，这就意味着全金属+指纹识别都来了！&lt;/p&gt;&lt;p style=&quot;box-sizing: border-box; margin-top: 0px; margin-bottom: 0px; padding: 7px 0px; word-wrap: break-word; -webkit-font-smoothing: antialiased; color: rgb(51, 51, 51); font-family: &amp;#39;Microsoft YaHei&amp;#39;, &amp;#39;Hiragino Sans GB&amp;#39;, simsun, sans-serif; line-height: 30px; text-align: justify; white-space: normal; background-color: rgb(255, 255, 255);&quot;&gt;　　早些时候，小米在其官方社区发布了三张“加密”图片，自爆了红米Note 3，网友进行了破解，第一张图的密码是“你一定要亲手摸摸它”、第二张图的密码是“你无需担心安全问题”、第三张图的密码是“大大大大的惊喜！”。&lt;/p&gt;&lt;p style=&quot;box-sizing: border-box; margin-top: 0px; margin-bottom: 0px; padding: 7px 0px; word-wrap: break-word; -webkit-font-smoothing: antialiased; color: rgb(51, 51, 51); font-family: &amp;#39;Microsoft YaHei&amp;#39;, &amp;#39;Hiragino Sans GB&amp;#39;, simsun, sans-serif; line-height: 30px; text-align: justify; white-space: normal; background-color: rgb(255, 255, 255);&quot;&gt;　　作为第一款具备指纹识别的小米手机，大家有什么期待的吗？&lt;/p&gt;&lt;p style=&quot;box-sizing: border-box; margin-top: 0px; margin-bottom: 0px; padding: 7px 0px; word-wrap: break-word; -webkit-font-smoothing: antialiased; color: rgb(51, 51, 51); font-family: &amp;#39;Microsoft YaHei&amp;#39;, &amp;#39;Hiragino Sans GB&amp;#39;, simsun, sans-serif; line-height: 30px; white-space: normal; text-align: center; background-color: rgb(255, 255, 255);&quot;&gt;&lt;img alt=&quot;小米发布会邀请函：全金属+指纹识别都来了&quot; src=&quot;http://img2.myhsw.cn/2015-11-24/k168pk4y.jpg&quot; title=&quot;点击图片进入下一页&quot; style=&quot;box-sizing: border-box; border: 0px none; vertical-align: middle; height: auto; max-width: 100%; -webkit-font-smoothing: antialiased; cursor: pointer;&quot;/&gt;&lt;/p&gt;&lt;p style=&quot;box-sizing: border-box; margin-top: 0px; margin-bottom: 0px; padding: 7px 0px; word-wrap: break-word; -webkit-font-smoothing: antialiased; color: rgb(51, 51, 51); font-family: &amp;#39;Microsoft YaHei&amp;#39;, &amp;#39;Hiragino Sans GB&amp;#39;, simsun, sans-serif; line-height: 30px; white-space: normal; text-align: center; background-color: rgb(255, 255, 255);&quot;&gt;&lt;img alt=&quot;小米发布会邀请函：全金属+指纹识别都来了&quot; src=&quot;http://img2.myhsw.cn/2015-11-24/5y66y761.jpg&quot; title=&quot;点击图片进入下一页&quot; style=&quot;box-sizing: border-box; border: 0px none; vertical-align: middle; height: auto; max-width: 100%; -webkit-font-smoothing: antialiased; cursor: pointer;&quot;/&gt;&lt;/p&gt;&lt;p style=&quot;box-sizing: border-box; margin-top: 0px; margin-bottom: 0px; padding: 7px 0px; word-wrap: break-word; -webkit-font-smoothing: antialiased; color: rgb(51, 51, 51); font-family: &amp;#39;Microsoft YaHei&amp;#39;, &amp;#39;Hiragino Sans GB&amp;#39;, simsun, sans-serif; line-height: 30px; white-space: normal; text-align: center; background-color: rgb(255, 255, 255);&quot;&gt;&lt;img alt=&quot;小米发布会邀请函：全金属+指纹识别都来了&quot; src=&quot;http://img2.myhsw.cn/2015-11-24/ebc3326c.jpg&quot; title=&quot;点击图片进入下一页&quot; style=&quot;box-sizing: border-box; border: 0px none; vertical-align: middle; height: auto; max-width: 100%; -webkit-font-smoothing: antialiased; cursor: pointer;&quot;/&gt;&lt;/p&gt;&lt;p style=&quot;box-sizing: border-box; margin-top: 0px; margin-bottom: 0px; padding: 7px 0px; word-wrap: break-word; -webkit-font-smoothing: antialiased; color: rgb(51, 51, 51); font-family: &amp;#39;Microsoft YaHei&amp;#39;, &amp;#39;Hiragino Sans GB&amp;#39;, simsun, sans-serif; line-height: 30px; white-space: normal; text-align: center; background-color: rgb(255, 255, 255);&quot;&gt;&lt;img alt=&quot;小米发布会邀请函：全金属+指纹识别都来了&quot; src=&quot;http://img2.myhsw.cn/2015-11-24/yb3x1k21.jpg&quot; title=&quot;点击图片进入下一页&quot; style=&quot;box-sizing: border-box; border: 0px none; vertical-align: middle; height: auto; max-width: 100%; -webkit-font-smoothing: antialiased; cursor: pointer;&quot;/&gt;&lt;/p&gt;&lt;p style=&quot;box-sizing: border-box; margin-top: 0px; margin-bottom: 0px; padding: 7px 0px; word-wrap: break-word; -webkit-font-smoothing: antialiased; color: rgb(51, 51, 51); font-family: &amp;#39;Microsoft YaHei&amp;#39;, &amp;#39;Hiragino Sans GB&amp;#39;, simsun, sans-serif; line-height: 30px; white-space: normal; text-align: center; background-color: rgb(255, 255, 255);&quot;&gt;&lt;img alt=&quot;小米发布会邀请函：全金属+指纹识别都来了&quot; src=&quot;http://img2.myhsw.cn/2015-11-24/e668k8d4.jpg&quot; title=&quot;点击图片进入下一页&quot; style=&quot;box-sizing: border-box; border: 0px none; vertical-align: middle; height: auto; max-width: 100%; -webkit-font-smoothing: antialiased; cursor: pointer;&quot;/&gt;&lt;/p&gt;&lt;p style=&quot;box-sizing: border-box; margin-top: 0px; margin-bottom: 0px; padding: 7px 0px; word-wrap: break-word; -webkit-font-smoothing: antialiased; color: rgb(51, 51, 51); font-family: &amp;#39;Microsoft YaHei&amp;#39;, &amp;#39;Hiragino Sans GB&amp;#39;, simsun, sans-serif; line-height: 30px; white-space: normal; text-align: center; background-color: rgb(255, 255, 255);&quot;&gt;&lt;img alt=&quot;小米发布会邀请函：全金属+指纹识别都来了&quot; src=&quot;http://img2.myhsw.cn/2015-11-24/y7131d0k.jpg&quot; title=&quot;点击图片进入下一页&quot; style=&quot;box-sizing: border-box; border: 0px none; vertical-align: middle; height: auto; max-width: 100%; -webkit-font-smoothing: antialiased; cursor: pointer;&quot;/&gt;&lt;/p&gt;&lt;p&gt;&lt;br/&gt;&lt;/p&gt;', 6, 1, '0000-00-00', '00:00:00', '2015-11-24 20:14:58'),
(16, '手机系统安卓/iOS双寡头之争！WP：呵呵', '', '&lt;p style=&quot;padding: 10px 0px; margin-top: 0px; margin-bottom: 0px; color: rgb(51, 51, 51); font-family: &amp;#39;Microsoft YaHei&amp;#39;, &amp;#39;Arial Narrow&amp;#39;; font-size: 15px; line-height: 26px; white-space: normal; background-color: rgb(245, 248, 253);&quot;&gt;现在手机操作系统只有两强，iOS与Android双寡头的竞争，让Windows Phone越来越没存在感，虽然他们现在的的确确是市场份额排第三的系统。&lt;/p&gt;&lt;p style=&quot;padding: 10px 0px; margin-top: 0px; margin-bottom: 0px; color: rgb(51, 51, 51); font-family: &amp;#39;Microsoft YaHei&amp;#39;, &amp;#39;Arial Narrow&amp;#39;; font-size: 15px; line-height: 26px; white-space: normal; background-color: rgb(245, 248, 253);&quot;&gt;除了送出Q3全球各厂商智能手机出货情况，调研机构Gartner还给出了移动操作系统的市占率，Windwos的倒退非常明显。&lt;/p&gt;&lt;p style=&quot;padding: 10px 0px; margin-top: 0px; margin-bottom: 0px; color: rgb(51, 51, 51); font-family: &amp;#39;Microsoft YaHei&amp;#39;, &amp;#39;Arial Narrow&amp;#39;; font-size: 15px; line-height: 26px; white-space: normal; background-color: rgb(245, 248, 253);&quot;&gt;虽然顶着全球第三称号，&lt;strong&gt;但Windows手机系统市占率从之前的3%，降至1.7%，而Android和iOS则是继续上涨，其中前者从83.3%涨至84.7%，而后者则从12.5%提升至13.1%。&lt;/strong&gt;&lt;/p&gt;&lt;p style=&quot;padding: 10px 0px; margin-top: 0px; margin-bottom: 0px; color: rgb(51, 51, 51); font-family: &amp;#39;Microsoft YaHei&amp;#39;, &amp;#39;Arial Narrow&amp;#39;; font-size: 15px; line-height: 26px; white-space: normal; background-color: rgb(245, 248, 253);&quot;&gt;接下来的就是黑莓，市场份额目前只有0.3%，而其他总计占有0.3%。&lt;/p&gt;&lt;p style=&quot;padding: 10px 0px; margin-top: 0px; margin-bottom: 0px; color: rgb(51, 51, 51); font-family: &amp;#39;Microsoft YaHei&amp;#39;, &amp;#39;Arial Narrow&amp;#39;; font-size: 15px; line-height: 26px; white-space: normal; background-color: rgb(245, 248, 253);&quot;&gt;虽然市场份额少了点，但之前拥有15年经验的黑客兼安全专家Steve表示，如果选择用物理方式攻破一台设备的话，&lt;strong&gt;Windows Phone算是目前移动操作系统中最安全，而安卓是最烂的，紧随其后的是iOS和老版本的黑莓系统。&lt;/strong&gt;&lt;/p&gt;&lt;p style=&quot;padding: 10px 0px; margin-top: 0px; margin-bottom: 0px; color: rgb(51, 51, 51); font-family: &amp;#39;Microsoft YaHei&amp;#39;, &amp;#39;Arial Narrow&amp;#39;; font-size: 15px; line-height: 26px; white-space: normal; background-color: rgb(245, 248, 253);&quot;&gt;从某种程度上来说，WP市场份额过低，这会让黑客失去对它的关注，更别说找漏洞了，说到底还是受众少。&lt;/p&gt;&lt;p style=&quot;text-align:center;padding: 10px 0px; margin-top: 0px; margin-bottom: 0px; color: rgb(51, 51, 51); font-family: &amp;#39;Microsoft YaHei&amp;#39;, &amp;#39;Arial Narrow&amp;#39;; font-size: 15px; line-height: 26px; white-space: normal; background-color: rgb(245, 248, 253);&quot;&gt;&lt;a href=&quot;http://img1.mydrivers.com/img/20151122/de905c7672014f7da1e8c26b76436adb.jpg&quot; target=&quot;_blank&quot; style=&quot;color: rgb(0, 102, 204);&quot;&gt;&lt;img alt=&quot;手机系统安卓/iOS双寡头之争！WP：呵呵&quot; src=&quot;http://img1.mydrivers.com/img/20151122/s_de905c7672014f7da1e8c26b76436adb.jpg&quot; style=&quot;border: 1px solid black;&quot;/&gt;&lt;/a&gt;&lt;/p&gt;&lt;p&gt;&lt;br/&gt;&lt;/p&gt;', 6, 1, '0000-00-00', '00:00:00', '2015-11-24 20:15:47'),
(17, '30-24！昆仑决最悬殊比分诞生 泰森死敌被暴揍', '', '&lt;p style=&quot;padding: 0px; margin-top: 26px; margin-bottom: 26px; text-indent: 2em; color: rgb(37, 37, 37); font-family: 宋体, sans-serif; line-height: 28px; text-align: justify; white-space: normal; background-color: rgb(255, 255, 255);&quot;&gt;11月21日晚，由柳海龙冠军精英汇携手&lt;a href=&quot;http://sports.163.com/keywords/6/0/66064ed151b3/1.html&quot; target=&quot;_blank&quot; style=&quot;color: rgb(15, 107, 153);&quot;&gt;昆仑决&lt;/a&gt;共同打造，E投网、新恒星、壹天一参鼎力赞助的中国超人气格斗大赛《昆仑决》，携二十余位各国拳王来到中国南部名城深圳市，在这座中国改革开放建立的第一个经济特区展开一场具有最高精彩指数的拳力对抗。本次赛事继续以往高规格、超豪华的明星级阵容，其中最具分量的一位传奇悍将当属前世界重量级拳击冠军“白水牛”博萨，这一晚他首登中华赛场，与中国新星阿斯哈提上演了一场奇景叠生的重磅较量。&lt;/p&gt;&lt;p class=&quot;f_center&quot; style=&quot;padding: 0px; margin-top: 26px; margin-bottom: 26px; text-align: center; color: rgb(37, 37, 37); font-family: 宋体, sans-serif; line-height: 28px; white-space: normal; background-color: rgb(255, 255, 255);&quot;&gt;&lt;img src=&quot;http://img6.cache.netease.com/sports/2015/11/23/201511231724028ba3b_550.jpg&quot; style=&quot;vertical-align: top; border: 0px;&quot;/&gt;&lt;br/&gt;&lt;/p&gt;&lt;p style=&quot;padding: 0px; margin-top: 26px; margin-bottom: 26px; text-indent: 2em; color: rgb(37, 37, 37); font-family: 宋体, sans-serif; line-height: 28px; text-align: justify; white-space: normal; background-color: rgb(255, 255, 255);&quot;&gt;熟悉职业拳击的观众想必都会对博萨有所耳闻，这位身高和体重都达到1米88的南非大块头绝对是拳坛难以绕过的传奇，他曾击败德国名将舒尔茨，成为南非历史上首位问鼎四大组织桂冠的第一人，进而被永久载入史册，随后他又打遍同时代的所有好手，泰森、刘易斯、霍利菲尔德、穆雷、小克里琴科、格兰特、布里格斯、埃迪恩内等等，没有人会对他的实力提出质疑。然而本场比赛中，阿斯哈提全然不惧博萨的显赫背景，从比赛一开始就以排山倒海般的组合拳轰向对手，令现场上万名观众眼前一亮，火爆气氛即可被推向高潮。随着比赛的深入，阿斯哈提丝毫没有求稳的意思，将推土机式的碾压式打法执行到底，尽管博萨也曾一度给中国拳王制造了不小的麻烦，但阿斯哈提能够咬紧牙关，顶住对手的轮番冲击，并打出更富有冲击力的连环重拳，将博萨的气焰瞬间扑灭。&lt;/p&gt;&lt;p class=&quot;f_center&quot; style=&quot;padding: 0px; margin-top: 26px; margin-bottom: 26px; text-align: center; color: rgb(37, 37, 37); font-family: 宋体, sans-serif; line-height: 28px; white-space: normal; background-color: rgb(255, 255, 255);&quot;&gt;&lt;img src=&quot;http://img5.cache.netease.com/sports/2015/11/23/2015112317241043f9f_550.jpg&quot; style=&quot;vertical-align: top; border: 0px;&quot;/&gt;&lt;br/&gt;&lt;/p&gt;&lt;p style=&quot;padding: 0px; margin-top: 26px; margin-bottom: 26px; text-indent: 2em; color: rgb(37, 37, 37); font-family: 宋体, sans-serif; line-height: 28px; text-align: justify; white-space: normal; background-color: rgb(255, 255, 255);&quot;&gt;值得一提的是，阿斯哈提在这场三回合大战中全部以压倒性优势获胜，按照搏击比赛的记分规则，如一方胜了某一回合，便以10-9的比分拿到该局的胜利，而若一方被读秒一次或扣分一次，则比分变为10-8。令人惊奇的是，本场比赛每个回合，阿斯哈提均以10-8的比分干净利落地拿下——比赛前两回合，阿斯哈提凭借凌厉的重拳重腿将博萨各击倒一次；由于大比分落后，博萨在第三回合小动作不断，结果遭到当执主裁黄牌扣分警告，这样该局比分依然变为10-8，即最终比分定格在30-24，这种情况在3-5回合的自由搏击历史上堪称罕见。&lt;/p&gt;&lt;p class=&quot;f_center&quot; style=&quot;padding: 0px; margin-top: 26px; margin-bottom: 26px; text-align: center; color: rgb(37, 37, 37); font-family: 宋体, sans-serif; line-height: 28px; white-space: normal; background-color: rgb(255, 255, 255);&quot;&gt;&lt;img src=&quot;http://img5.cache.netease.com/sports/2015/11/23/201511231724178428f_550.jpg&quot; style=&quot;vertical-align: top; border: 0px;&quot;/&gt;&lt;br/&gt;&lt;/p&gt;&lt;p style=&quot;padding: 0px; margin-top: 26px; margin-bottom: 26px; text-indent: 2em; color: rgb(37, 37, 37); font-family: 宋体, sans-serif; line-height: 28px; text-align: justify; white-space: normal; background-color: rgb(255, 255, 255);&quot;&gt;&lt;br/&gt;&lt;/p&gt;&lt;p&gt;&lt;iframe src=&quot;http://g.163.com/r?site=netease&amp;affiliate=sports&amp;cat=article&amp;type=logo300x250&amp;location=12&quot; width=&quot;300&quot; height=&quot;250&quot; frameborder=&quot;no&quot; border=&quot;0&quot; marginwidth=&quot;0&quot; marginheight=&quot;0&quot; scrolling=&quot;no&quot;&gt;&lt;/iframe&gt;&lt;/p&gt;&lt;p style=&quot;padding: 0px; margin-top: 26px; margin-bottom: 26px; text-indent: 2em; color: rgb(37, 37, 37); font-family: 宋体, sans-serif; line-height: 28px; text-align: justify; white-space: normal; background-color: rgb(255, 255, 255);&quot;&gt;赛后，博萨对中国拳王的精道表现竖起了大拇指，并表示，“与中国拳手的较量是我记忆中的一部分，这场比赛让我很欣慰，我还会来中国比赛的。”与此同时，阿斯哈提则收获了胜利奖杯和博萨赠予的鲜花，至此这场中非拳王对决以皆大欢喜的结局完美收场。&lt;/p&gt;&lt;p&gt;&lt;br/&gt;&lt;/p&gt;', 6, 1, '0000-00-00', '00:00:00', '2015-11-24 20:19:01'),
(18, '牛仔回潮了，好消息不断', '', '&lt;p&gt;\r\n						&lt;/p&gt;&lt;p class=&quot;section&quot;&gt;&lt;img alt=&quot;牛仔回潮了，好消息不断&quot; style=&quot;cursor:pointer;&quot; src=&quot;http://img2.selfimg.com.cn/gq24640x/2015/04/16/1429178110_BKQQ7r.jpg&quot;/&gt;&lt;/p&gt;&lt;p class=&quot;img_p&quot;&gt;条纹衬衫 V 领毛衣 牛仔裤 均为 Prada&lt;/p&gt;&lt;p class=&quot;section&quot;&gt;都2015年了，在感叹岁月如梭同时也很难想象哪个人的衣橱没有一件牛仔裤或是牛仔夹克。这些曾经是铁路工人、矿工以及淘金者工装的玩意儿，在历经了美国西部大开发和美国国力的整体强盛之后早就主宰了时装界，并且无孔不入地普及到了人们的日常穿着打扮中。&lt;/p&gt;&lt;p class=&quot;section&quot;&gt;&lt;img alt=&quot;牛仔回潮了，好消息不断&quot; style=&quot;cursor:pointer;&quot; src=&quot;http://img0.selfimg.com.cn/gq24640x/2015/04/16/1429178173_oUxErE.jpg&quot;/&gt;&lt;/p&gt;&lt;p class=&quot;section&quot;&gt;至于牛仔普通的时候到底能有多普通，我们有图为证：在深入人心的美剧《 Friends 》里，同样深入人心还有美帝老百姓们过日子时最离不开的牛仔裤。&lt;/p&gt;&lt;p class=&quot;section&quot;&gt;&lt;img alt=&quot;牛仔回潮了，好消息不断&quot; style=&quot;cursor:pointer;&quot; src=&quot;http://img3.selfimg.com.cn/gq24640x/2015/04/16/1429178324_BgQNqZ.jpg&quot;/&gt;&lt;/p&gt;&lt;p class=&quot;section&quot;&gt;而至于牛仔时尚起来到底有多时尚，这就值得我们从长计议了。不过话题的核心可以先透露给你，总之今年穿成好似图中的Tom Cruise这样——一条质感上佳的水洗牛仔裤加上白球鞋就对了，青春有余、时髦正漾，这也刚好就是今年春夏的牛仔主打LOOK哦。&lt;/p&gt;&lt;p class=&quot;section&quot;&gt;&lt;img alt=&quot;牛仔回潮了，好消息不断&quot; style=&quot;cursor:pointer;&quot; src=&quot;http://img2.selfimg.com.cn/gq24640x/2015/04/16/1429178361_QtWGpA.jpg&quot;/&gt;&lt;/p&gt;&lt;p class=&quot;section&quot;&gt;确定了主旋律，接下来就可以放心聊聊“牛仔到底还有多少种可能性”这种话题了。举个例子，在李安的电影 《 Brokeback Mountain 》中，牛仔就是荡气回肠的爱情。&lt;/p&gt;&lt;p&gt;&lt;br/&gt;&lt;/p&gt;', 6, 1, '0000-00-00', '00:00:00', '2015-11-24 21:03:19'),
(19, '121212', '1212', '&lt;p&gt;1212&lt;/p&gt;', 6, 1, '2015-11-12', '06:04:00', '2015-11-24 21:25:29'),
(20, '我是单页', '', '<p>我是单页</p>', 25, 0, '2015-11-12', '05:00:00', '2015-11-24 21:17:36');

-- --------------------------------------------------------

--
-- 表的结构 `smart_permission`
--

CREATE TABLE IF NOT EXISTS `smart_permission` (
  `id` int(10) unsigned NOT NULL AUTO_INCREMENT COMMENT '主键id',
  `name` varchar(20) CHARACTER SET utf8 NOT NULL,
  `enname` varchar(20) CHARACTER SET utf8 NOT NULL COMMENT '英文名称',
  PRIMARY KEY (`id`)
) ENGINE=MyISAM  DEFAULT CHARSET=latin1 COMMENT='权限名称表' AUTO_INCREMENT=6 ;

--
-- 转存表中的数据 `smart_permission`
--

INSERT INTO `smart_permission` (`id`, `name`, `enname`) VALUES
(1, '管理员管理', 'adminmanage'),
(2, '角色管理', 'rolemanage'),
(3, '栏目管理', 'columnmanage'),
(4, '内容', 'content');

-- --------------------------------------------------------

--
-- 表的结构 `smart_role`
--

CREATE TABLE IF NOT EXISTS `smart_role` (
  `id` int(11) NOT NULL AUTO_INCREMENT,
  `name` varchar(20) CHARACTER SET utf8 NOT NULL,
  `permission` varchar(30) CHARACTER SET utf8 NOT NULL,
  `createtime` datetime NOT NULL,
  PRIMARY KEY (`id`)
) ENGINE=InnoDB  DEFAULT CHARSET=latin1 AUTO_INCREMENT=6 ;

--
-- 转存表中的数据 `smart_role`
--

INSERT INTO `smart_role` (`id`, `name`, `permission`, `createtime`) VALUES
(1, '普通管理员', '1,2,3,4', '2015-11-25 12:26:55'),
(3, '角色管理员', '1,2', '2015-11-15 11:24:40'),
(4, '新闻发布者', '3,4', '2015-11-24 21:39:17'),
(5, '栏目管理员', '3', '2015-11-15 11:25:35');

/*!40101 SET CHARACTER_SET_CLIENT=@OLD_CHARACTER_SET_CLIENT */;
/*!40101 SET CHARACTER_SET_RESULTS=@OLD_CHARACTER_SET_RESULTS */;
/*!40101 SET COLLATION_CONNECTION=@OLD_COLLATION_CONNECTION */;
